1,51:00:22:08:00:6b
2,db:3a:17:18:ae:29
3,c7:3e:7f:57:4f:06
4,51:00:22:08:01:7d
5,f1:44:f2:00:36:60
6,51:00:22:08:01:7e
7,51:00:22:08:00:6e
8,51:00:22:08:06:66
9,51:00:22:08:06:9f
10,51:00:22:08:00:7d
11,51:00:22:08:06:62
12,ed:e4:42:3a:f4:4c
13,51:00:22:08:06:50
14,51:00:22:08:06:72
15,51:00:22:08:06:9e
16,c5:04:42:16:66:4a
17,51:00:22:08:01:29
18,51:00:22:08:01:2a
19,51:00:22:08:01:2b
20,51:00:22:08:06:2c
21,51:00:22:08:01:2d
22,51:00:22:08:01:2e
23,51:00:22:08:01:2f
24,51:00:22:08:01:30
25,51:00:22:08:01:31
26,51:00:22:08:01:32
27,51:00:22:08:01:33
28,51:00:22:08:01:34
29,51:00:22:08:01:35 
30,51:00:22:08:01:36
31,51:00:22:08:01:37
32,51:00:22:08:01:38
33,51:00:22:08:01:39
34,51:00:22:08:01:3a
35,51:00:22:08:01:3b
36,51:00:22:08:01:3c
37,51:00:22:08:01:3d
38,51:00:22:08:01:3e
39,51:00:22:08:01:3f
40,51:00:22:08:01:40
41,51:00:22:08:01:41
42,51:00:22:08:01:42
43,51:00:22:08:01:43
44,51:00:22:08:01:44
45,51:00:22:08:01:45
46,51:00:22:08:01:46
47,51:00:22:08:01:47
48,51:00:22:08:01:48
49,51:00:22:08:01:49
50,51:00:22:08:01:4a
51,51:00:22:08:01:4b
52,51:00:22:08:01:4c
53,51:00:22:08:01:4d
54,51:00:22:08:01:4e
55,51:00:22:08:01:4f
56,51:00:22:08:01:50
57,51:00:22:08:01:51
58,51:00:22:08:01:52
59,51:00:22:08:01:53
60,51:00:22:08:01:54
61,51:00:22:08:01:55
62,51:00:22:08:01:56
63,51:00:22:08:01:57
64,51:00:22:08:01:58
65,51:00:22:08:01:59
66,51:00:22:08:01:5a
67,51:00:22:08:01:5b
68,51:00:22:08:01:5c
69,51:00:22:08:01:5d
70,51:00:22:08:01:5e
71,51:00:22:08:01:5f
72,51:00:22:08:01:60
73,51:00:22:08:01:61
74,51:00:22:08:01:62
75,51:00:22:08:01:63
76,51:00:22:08:01:64
77,51:00:22:08:01:65
78,51:00:22:08:01:66
79,51:00:22:08:01:67
80,51:00:22:08:01:68
81,51:00:22:08:01:69
82,51:00:22:08:01:6a
83,51:00:22:08:01:6b
84,51:00:22:08:01:6c
85,51:00:22:08:01:6d
86,51:00:22:08:01:6e
87,51:00:22:08:01:6f
88,51:00:22:08:01:70
89,51:00:22:08:01:71
90,51:00:22:08:01:72
91,51:00:22:08:01:73
92,51:00:22:08:01:74
93,51:00:22:08:01:75
94,51:00:22:08:01:76
95,51:00:22:08:01:77
96,51:00:22:08:01:78
97,51:00:22:08:01:79
98,51:00:22:08:01:7a
99,51:00:22:08:01:7b
100,51:00:22:08:01:7c
